{
    "colors": [
        [
            44,
            89,
            25
        ],
        [
            186,
            39,
            1
        ],
        [
            78,
            62,
            35
        ],
        [
            182,
            216,
            245
        ],
        [
            242,
            206,
            99
        ],
        [
            178,
            189,
            122
        ],
        [
            247,
            250,
            251
        ],
        [
            194,
            112,
            62
        ]
    ],
    "colors_norm": [
        [
            0.17254901960784313,
            0.34901960784313724,
            0.09803921568627451
        ],
        [
            0.7294117647058823,
            0.15294117647058825,
            0.00392156862745098
        ],
        [
            0.3058823529411765,
            0.24313725490196078,
            0.13725490196078433
        ],
        [
            0.7137254901960784,
            0.8470588235294118,
            0.9607843137254902
        ],
        [
            0.9490196078431372,
            0.807843137254902,
            0.38823529411764707
        ],
        [
            0.6980392156862745,
            0.7411764705882353,
            0.47843137254901963
        ],
        [
            0.9686274509803922,
            0.9803921568627451,
            0.984313725490196
        ],
        [
            0.7607843137254902,
            0.4392156862745098,
            0.24313725490196078
        ]
    ],
    "colors_hex": [
        "#2c5919",
        "#ba2701",
        "#4e3e23",
        "#b6d8f5",
        "#f2ce63",
        "#b2bd7a",
        "#f7fafb",
        "#c2703e"
    ]
}