{
    "colors": [
        [
            252,
            128,
            6
        ],
        [
            91,
            129,
            42
        ],
        [
            134,
            167,
            227
        ],
        [
            253,
            174,
            209
        ],
        [
            185,
            182,
            36
        ],
        [
            253,
            95,
            173
        ],
        [
            171,
            86,
            9
        ],
        [
            250,
            189,
            41
        ],
        [
            253,
            253,
            253
        ],
        [
            217,
            129,
            109
        ]
    ],
    "colors_norm": [
        [
            0.9882352941176471,
            0.5019607843137255,
            0.023529411764705882
        ],
        [
            0.3568627450980392,
            0.5058823529411764,
            0.16470588235294117
        ],
        [
            0.5254901960784314,
            0.6549019607843137,
            0.8901960784313725
        ],
        [
            0.9921568627450981,
            0.6823529411764706,
            0.8196078431372549
        ],
        [
            0.7254901960784313,
            0.7137254901960784,
            0.1411764705882353
        ],
        [
            0.9921568627450981,
            0.37254901960784315,
            0.6784313725490196
        ],
        [
            0.6705882352941176,
            0.33725490196078434,
            0.03529411764705882
        ],
        [
            0.9803921568627451,
            0.7411764705882353,
            0.1607843137254902
        ],
        [
            0.9921568627450981,
            0.9921568627450981,
            0.9921568627450981
        ],
        [
            0.8509803921568627,
            0.5058823529411764,
            0.42745098039215684
        ]
    ],
    "colors_hex": [
        "#fc8006",
        "#5b812a",
        "#86a7e3",
        "#fdaed1",
        "#b9b624",
        "#fd5fad",
        "#ab5609",
        "#fabd29",
        "#fdfdfd",
        "#d9816d"
    ]
}