{
    "colors": [
        [
            142,
            132,
            0
        ],
        [
            244,
            91,
            29
        ],
        [
            244,
            237,
            219
        ],
        [
            168,
            186,
            1
        ],
        [
            104,
            28,
            20
        ],
        [
            238,
            145,
            230
        ],
        [
            231,
            142,
            179
        ],
        [
            204,
            205,
            110
        ],
        [
            186,
            63,
            24
        ],
        [
            142,
            119,
            108
        ]
    ],
    "colors_norm": [
        [
            0.5568627450980392,
            0.5176470588235295,
            0.0
        ],
        [
            0.9568627450980393,
            0.3568627450980392,
            0.11372549019607843
        ],
        [
            0.9568627450980393,
            0.9294117647058824,
            0.8588235294117647
        ],
        [
            0.6588235294117647,
            0.7294117647058823,
            0.00392156862745098
        ],
        [
            0.40784313725490196,
            0.10980392156862745,
            0.0784313725490196
        ],
        [
            0.9333333333333333,
            0.5686274509803921,
            0.9019607843137255
        ],
        [
            0.9058823529411765,
            0.5568627450980392,
            0.7019607843137254
        ],
        [
            0.8,
            0.803921568627451,
            0.43137254901960786
        ],
        [
            0.7294117647058823,
            0.24705882352941178,
            0.09411764705882353
        ],
        [
            0.5568627450980392,
            0.4666666666666667,
            0.4235294117647059
        ]
    ],
    "colors_hex": [
        "#8e8400",
        "#f45b1d",
        "#f4eddb",
        "#a8ba01",
        "#681c14",
        "#ee91e6",
        "#e78eb3",
        "#cccd6e",
        "#ba3f18",
        "#8e776c"
    ]
}