{
    "colors": [
        [
            248,
            239,
            224
        ],
        [
            209,
            212,
            221
        ],
        [
            234,
            217,
            12
        ],
        [
            48,
            68,
            57
        ],
        [
            242,
            64,
            11
        ],
        [
            250,
            152,
            9
        ],
        [
            172,
            160,
            9
        ],
        [
            91,
            125,
            145
        ],
        [
            249,
            140,
            173
        ],
        [
            231,
            203,
            113
        ]
    ],
    "colors_norm": [
        [
            0.9725490196078431,
            0.9372549019607843,
            0.8784313725490196
        ],
        [
            0.8196078431372549,
            0.8313725490196079,
            0.8666666666666667
        ],
        [
            0.9176470588235294,
            0.8509803921568627,
            0.047058823529411764
        ],
        [
            0.18823529411764706,
            0.26666666666666666,
            0.2235294117647059
        ],
        [
            0.9490196078431372,
            0.25098039215686274,
            0.043137254901960784
        ],
        [
            0.9803921568627451,
            0.596078431372549,
            0.03529411764705882
        ],
        [
            0.6745098039215687,
            0.6274509803921569,
            0.03529411764705882
        ],
        [
            0.3568627450980392,
            0.49019607843137253,
            0.5686274509803921
        ],
        [
            0.9764705882352941,
            0.5490196078431373,
            0.6784313725490196
        ],
        [
            0.9058823529411765,
            0.796078431372549,
            0.44313725490196076
        ]
    ],
    "colors_hex": [
        "#f8efe0",
        "#d1d4dd",
        "#ead90c",
        "#304439",
        "#f2400b",
        "#fa9809",
        "#aca009",
        "#5b7d91",
        "#f98cad",
        "#e7cb71"
    ]
}