{
    "colors": [
        [
            142,
            132,
            0
        ],
        [
            244,
            91,
            29
        ],
        [
            168,
            186,
            1
        ],
        [
            238,
            145,
            230
        ],
        [
            245,
            237,
            219
        ],
        [
            104,
            28,
            20
        ],
        [
            199,
            203,
            101
        ],
        [
            243,
            133,
            163
        ],
        [
            186,
            63,
            24
        ],
        [
            209,
            198,
            161
        ],
        [
            238,
            198,
            236
        ],
        [
            139,
            114,
            103
        ]
    ],
    "colors_norm": [
        [
            0.5568627450980392,
            0.5176470588235295,
            0.0
        ],
        [
            0.9568627450980393,
            0.3568627450980392,
            0.11372549019607843
        ],
        [
            0.6588235294117647,
            0.7294117647058823,
            0.00392156862745098
        ],
        [
            0.9333333333333333,
            0.5686274509803921,
            0.9019607843137255
        ],
        [
            0.9607843137254902,
            0.9294117647058824,
            0.8588235294117647
        ],
        [
            0.40784313725490196,
            0.10980392156862745,
            0.0784313725490196
        ],
        [
            0.7803921568627451,
            0.796078431372549,
            0.396078431372549
        ],
        [
            0.9529411764705882,
            0.5215686274509804,
            0.6392156862745098
        ],
        [
            0.7294117647058823,
            0.24705882352941178,
            0.09411764705882353
        ],
        [
            0.8196078431372549,
            0.7764705882352941,
            0.6313725490196078
        ],
        [
            0.9333333333333333,
            0.7764705882352941,
            0.9254901960784314
        ],
        [
            0.5450980392156862,
            0.4470588235294118,
            0.403921568627451
        ]
    ],
    "colors_hex": [
        "#8e8400",
        "#f45b1d",
        "#a8ba01",
        "#ee91e6",
        "#f5eddb",
        "#681c14",
        "#c7cb65",
        "#f385a3",
        "#ba3f18",
        "#d1c6a1",
        "#eec6ec",
        "#8b7267"
    ]
}